<?xml version="1.0" encoding="utf-8"?>
<!DOCTYPE xkbConfigRegistry SYSTEM "xkb.dtd">
<xkbConfigRegistry>
  <modelList/>
  <layoutList>
    <layout>
      <configItem>
        <name>apl</name>
        <_shortDescription>apl</_shortDescription>
        <_description>APL</_description>
        <languageList>
          <iso639Id>eng</iso639Id>
        </languageList>
      </configItem>
      <variantList>
        <variant>
          <configItem>
            <name>dyalog</name>
            <_shortDescription>dlg</_shortDescription>
            <_description>Dyalog APL complete</_description>
          </configItem>
        </variant>
        <variant>
          <configItem>
            <name>sax</name>
            <_shortDescription>sax</_shortDescription>
            <_description>APL Keyboard Symbols: sax</_description>
          </configItem>
        </variant>
        <variant>
          <configItem>
            <name>unified</name>
            <_shortDescription>ufd</_shortDescription>
            <_description>APL Keyboard Symbols: Unified Layout</_description>
          </configItem>
        </variant>
        <variant>
          <configItem>
            <name>apl2</name>
            <_shortDescription>apl2</_shortDescription>
            <_description>APL Keyboard Symbols: IBM APL2</_description>
          </configItem>
        </variant>
        <variant>
          <configItem>
            <name>aplplusII</name>
            <_shortDescription>aplII</_shortDescription>
            <_description>APL Keyboard Symbols: Manugistics APL*PLUS II</_description>
          </configItem>
        </variant>
        <variant>
          <configItem>
            <name>aplx</name>
            <_shortDescription>aplx</_shortDescription>
            <_description>APL Keyboard Symbols: APLX Unified APL Layout</_description>
          </configItem>
        </variant>
      </variantList>
    </layout>
    <layout>
      <configItem>
        <name>ca</name>
        <_shortDescription>fr</_shortDescription>
        <_description>French (Canada)</_description>
        <languageList>
          <iso639Id>fra</iso639Id>
        </languageList>
      </configItem>
      <variantList>
        <variant>
          <configItem>
            <name>kut</name>
            <_shortDescription>kut</_shortDescription>
            <_description>Kutenai</_description>
          </configItem>
        </variant>
        <variant>
          <configItem>
            <name>shs</name>
            <_shortDescription>shs</_shortDescription>
            <_description>Secwepemctsin</_description>
          </configItem>
        </variant>
        <variant>
          <configItem>
            <name>sun_type6</name>
            <_description>Multilingual (Canada, Sun Type 6/7)</_description>
          </configItem>
        </variant>
      </variantList>
    </layout>
    <layout>
      <configItem>
        <name>de</name>
        <_shortDescription>de</_shortDescription>
        <_description>German</_description>
        <languageList>
          <iso639Id>ger</iso639Id>
        </languageList>
      </configItem>
      <variantList>
        <variant>
          <configItem>
            <name>us</name>
            <_description>German (US, with German letters)</_description>
            <languageList>
              <iso639Id>eng</iso639Id>
            </languageList>
          </configItem>
        </variant>
        <variant>
          <configItem>
            <name>hu</name>
            <_description>German (with Hungarian letters and no dead keys)</_description>
            <languageList>
              <iso639Id>ger</iso639Id>
              <iso639Id>hun</iso639Id>
            </languageList>
          </configItem>
        </variant>
        <variant>
          <configItem>
            <name>pl</name>
            <_description>Polish (Germany, no dead keys)</_description>
            <languageList>
              <iso639Id>ger</iso639Id>
              <iso639Id>pol</iso639Id>
            </languageList>
          </configItem>
        </variant>
        <variant>
          <configItem>
            <name>sun_type6</name>
            <_description>German (Sun Type 6/7)</_description>
          </configItem>
        </variant>
        <variant>
          <configItem>
            <name>adnw</name>
            <_description>German (Aus der Neo-Welt)</_description>
          </configItem>
        </variant>
        <variant>
          <configItem>
            <name>koy</name>
            <_description>German (KOY)</_description>
          </configItem>
        </variant>
        <variant>
          <configItem>
            <name>bone</name>
            <_description>German (Bone)</_description>
          </configItem>
        </variant>
        <variant>
          <configItem>
            <name>bone_eszett_home</name>
            <_description>German (Bone, eszett home row)</_description>
          </configItem>
        </variant>
        <variant>
          <configItem>
            <name>neo_qwertz</name>
            <_description>German (Neo qwertz)</_description>
          </configItem>
        </variant>
        <variant>
          <configItem>
            <name>neo_qwerty</name>
            <_description>German (Neo qwerty)</_description>
          </configItem>
        </variant>
        <variant>
          <configItem>
            <name>ru-recom</name>
            <!-- Keyboard indicator for Russian layouts -->
            <_shortDescription>ru</_shortDescription>
            <_description>Russian (Germany, recommended)</_description>
            <languageList>
              <iso639Id>rus</iso639Id>
            </languageList>
          </configItem>
        </variant>
	    <variant>
          <configItem>
            <name>ru-translit</name>
            <!-- Keyboard indicator for Russian layouts -->
            <_shortDescription>ru</_shortDescription>
            <_description>Russian (Germany, transliteration)</_description>
            <languageList>
              <iso639Id>rus</iso639Id>
            </languageList>
          </configItem>
        </variant>
	<variant>
          <configItem>
            <name>lld</name>
            <_description>German Ladin</_description>
            <_shortDescription>de_lld</_shortDescription>
            <languageList>
              <iso639Id>ger</iso639Id>
              <iso639Id>lld</iso639Id>
            </languageList>
          </configItem>
        </variant>
      </variantList>
    </layout>
    <layout>
      <configItem>
        <name>hu</name>
        <_description>Hungarian</_description>
      </configItem>
      <variantList>
        <variant>
          <configItem>
            <name>oldhun</name>
            <_description>Old Hungarian</_description>
            <_shortDescription>oldhun</_shortDescription>
          </configItem>
        </variant>
      </variantList>
    </layout>
    <layout>
      <configItem>
        <name>ir</name>
        <_shortDescription>fa</_shortDescription>
        <_description>Persian</_description>
        <languageList>
          <iso639Id>per</iso639Id>
        </languageList>
      </configItem>
      <variantList>
        <variant>
          <configItem>
            <name>ave</name>
            <_description>Avestan</_description>
            <languageList>
              <iso639Id>ave</iso639Id>
            </languageList>
          </configItem>
        </variant>
      </variantList>
    </layout>
    <layout>
      <configItem>
        <name>lt</name>
        <_shortDescription>lt</_shortDescription>
        <_description>Lithuanian</_description>
        <languageList>
          <iso639Id>lit</iso639Id>
        </languageList>
      </configItem>
      <variantList>
        <variant>
          <configItem>
            <name>us_dvorak</name>
            <_description>Lithuanian (US Dvorak with Lithuanian letters)</_description>
          </configItem>
        </variant>
        <variant>
          <configItem>
            <name>sun_type6</name>
            <_description>Lithuanian (Sun Type 6/7)</_description>
          </configItem>
        </variant>
      </variantList>
    </layout>
    <layout>
      <configItem>
        <name>lv</name>
        <_shortDescription>lv</_shortDescription>
        <_description>Latvian</_description>
        <languageList>
          <iso639Id>lav</iso639Id>
        </languageList>
      </configItem>
      <variantList>
        <variant>
          <configItem>
            <name>dvorak</name>
            <_description>Latvian (US Dvorak)</_description>
          </configItem>
        </variant>
        <variant>
          <configItem>
            <name>ykeydvorak</name>
            <_description>Latvian (US Dvorak, Y variant)</_description>
          </configItem>
        </variant>
        <variant>
          <configItem>
            <name>minuskeydvorak</name>
            <_description>Latvian (US Dvorak, minus variant)</_description>
          </configItem>
        </variant>
        <variant>
          <configItem>
            <name>dvorakprogr</name>
            <_description>Latvian (programmer US Dvorak)</_description>
          </configItem>
        </variant>
        <variant>
          <configItem>
            <name>ykeydvorakprogr</name>
            <_description>Latvian (programmer US Dvorak, Y variant)</_description>
          </configItem>
        </variant>
        <variant>
          <configItem>
            <name>minuskeydvorakprogr</name>
            <_description>Latvian (programmer US Dvorak, minus variant)</_description>
          </configItem>
        </variant>
        <variant>
          <configItem>
            <name>colemak</name>
            <_description>Latvian (US Colemak)</_description>
          </configItem>
        </variant>
        <variant>
          <configItem>
            <name>apostrophecolemak</name>
            <_description>Latvian (US Colemak, apostrophe variant)</_description>
          </configItem>
        </variant>
        <variant>
          <configItem>
            <name>sun_type6</name>
            <_description>Latvian (Sun Type 6/7)</_description>
          </configItem>
        </variant>
      </variantList>
    </layout>
    <layout>
      <configItem>
        <name>us</name>
        <_shortDescription>en</_shortDescription>
        <_description>English (US)</_description>
        <languageList>
          <iso639Id>eng</iso639Id>
        </languageList>
      </configItem>
      <variantList>
        <variant>
          <configItem>
            <name>intl-unicode</name>
            <_description>English (US, international AltGr Unicode combining)</_description>
          </configItem>
        </variant>
        <variant>
          <configItem>
            <name>alt-intl-unicode</name>
            <_description>English (US, international AltGr Unicode combining, alternative)</_description>
          </configItem>
        </variant>
        <variant>
          <configItem>
            <name>ats</name>
            <_description>Atsina</_description>
            <!-- No ISO code in ISO639-2, only draft ISO693-3 -->
          </configItem>
        </variant>
        <variant>
          <configItem>
            <name>crd</name>
            <_description>Coeur d'Alene Salish</_description>
            <languageList>
              <iso639Id>crd</iso639Id>
            </languageList>
          </configItem>
        </variant>
        <variant>
          <configItem>
            <name>cz_sk_de</name>
            <_description>Czech Slovak and German (US)</_description>
            <languageList>
              <iso639Id>eng</iso639Id>
              <iso639Id>cze</iso639Id>
              <iso639Id>slo</iso639Id>
              <iso639Id>ger</iso639Id>
            </languageList>
          </configItem>
        </variant>
        <variant>
          <configItem>
            <name>ibm238l</name>
            <_description>English (US, IBM Arabic 238_L)</_description>
          </configItem>
        </variant>
        <variant>
          <configItem>
            <name>sun_type6</name>
            <_description>English (US, Sun Type 6/7)</_description>
          </configItem>
        </variant>
        <variant>
          <configItem>
            <name>norman</name>
            <_description>English (Norman)</_description>
          </configItem>
        </variant>
        <variant>
          <configItem>
            <name>carpalx</name>
            <_description>English (Carpalx)</_description>
          </configItem>
        </variant>
        <variant>
          <configItem>
            <name>carpalx-intl</name>
            <_description>English (Carpalx, intl., with dead keys)</_description>
          </configItem>
        </variant>
        <variant>
          <configItem>
            <name>carpalx-altgr-intl</name>
            <_description>English (Carpalx, intl., with AltGr dead keys)</_description>
          </configItem>
        </variant>
        <variant>
          <configItem>
            <name>carpalx-full</name>
            <_description>English (Carpalx, full optimization)</_description>
          </configItem>
        </variant>
        <variant>
          <configItem>
            <name>carpalx-full-intl</name>
            <_description>English (Carpalx, full optimization, intl., with dead keys)</_description>
          </configItem>
        </variant>
        <variant>
          <configItem>
            <name>carpalx-full-altgr-intl</name>
            <_description>English (Carpalx, full optimization, intl., with AltGr dead keys)</_description>
          </configItem>
        </variant>
        <variant>
          <configItem>
            <name>scn</name>
            <_description>Sicilian (US keyboard)</_description>
            <languageList>
              <iso639Id>eng</iso639Id>
              <iso639Id>ita</iso639Id>
              <iso639Id>scn</iso639Id>
            </languageList>
          </configItem>
        </variant>
      </variantList>
    </layout>
    <layout>
      <configItem>
        <name>pl</name>
        <_shortDescription>pl</_shortDescription>
        <_description>Polish</_description>
        <languageList>
          <iso639Id>pol</iso639Id>
        </languageList>
      </configItem>
      <variantList>
        <variant>
          <configItem>
            <name>intl</name>
            <_description>Polish (intl., with dead keys)</_description>
          </configItem>
        </variant>
        <variant>
          <configItem>
            <name>colemak</name>
            <_description>Polish (Colemak)</_description>
          </configItem>
        </variant>
        <variant>
          <configItem>
            <name>sun_type6</name>
            <_description>Polish (Sun Type 6/7)</_description>
          </configItem>
        </variant>
        <variant>
          <configItem>
            <name>glagolica</name>
            <_description>Polish (Glagolica)</_description>
          </configItem>
        </variant>
      </variantList>
    </layout>
    <layout>
      <configItem>
        <name>ro</name>
        <_shortDescription>ro</_shortDescription>
        <_description>Romanian</_description>
        <languageList>
          <iso639Id>rum</iso639Id>
        </languageList>
      </configItem>
      <variantList>
        <variant>
          <configItem>
            <name>crh_dobruja</name>
            <_shortDescription>crh</_shortDescription>
            <_description>Crimean Tatar (Dobruja Q)</_description>
            <languageList>
              <iso639Id>crh</iso639Id>
            </languageList>
          </configItem>
        </variant>
        <variant>
          <configItem>
            <name>ergonomic</name>
            <_description>Romanian (ergonomic Touchtype)</_description>
          </configItem>
        </variant>
        <variant>
          <configItem>
            <name>sun_type6</name>
            <_description>Romanian (Sun Type 6/7)</_description>
          </configItem>
        </variant>
      </variantList>
    </layout>
    <layout>
      <configItem>
        <name>rs</name>
        <_shortDescription>sr</_shortDescription>
        <_description>Serbian</_description>
        <languageList>
          <iso639Id>srp</iso639Id>
        </languageList>
      </configItem>
      <variantList>
        <variant>
          <configItem>
            <name>combiningkeys</name>
            <_description>Serbian (combining accents instead of dead keys)</_description>
          </configItem>
        </variant>
      </variantList>
    </layout>
    <layout>
      <configItem>
        <name>ru</name>
        <_shortDescription>ru</_shortDescription>
        <_description>Russian</_description>
      </configItem>
      <variantList>
        <variant>
          <configItem>
            <name>chu</name>
            <_description>Church Slavonic</_description>
            <languageList>
              <iso639Id>chu</iso639Id>
            </languageList>
          </configItem>
        </variant>
        <variant>
          <configItem>
            <name>ruu</name>
            <_shortDescription>ru</_shortDescription>
            <_description>Russian (with Ukrainian-Belorussian layout)</_description>
            <languageList>
              <iso639Id>rus</iso639Id>
              <iso639Id>ukr</iso639Id>
              <iso639Id>bel</iso639Id>
            </languageList>
          </configItem>
        </variant>
        <variant>
          <configItem>
            <name>rulemak</name>
            <_description>Russian (Rulemak, phonetic Colemak)</_description>
          </configItem>
        </variant>
        <variant>
          <configItem>
            <name>sun_type6</name>
            <_description>Russian (Sun Type 6/7)</_description>
          </configItem>
        </variant>
        <variant>
          <configItem>
            <name>unipunct</name>
            <_description>Russian (with US punctuation)</_description>
          </configItem>
        </variant>
        <variant>
          <configItem>
            <name>prxn</name>
            <_shortDescription>ru</_shortDescription>
            <_description>Russian (Polyglot and Reactionary)</_description>
            <languageList>
              <iso639Id>rus</iso639Id>
              <iso639Id>rus-petr1708</iso639Id>
              <iso639Id>ukr</iso639Id>
              <iso639Id>bel</iso639Id>
              <iso639Id>srp</iso639Id>
              <iso639Id>mkd</iso639Id>
              <iso639Id>bul</iso639Id>
              <iso639Id>chu</iso639Id>
              <iso639Id>rum-Cyrl</iso639Id>
              <iso639Id>kaz</iso639Id>
              <iso639Id>kir</iso639Id>
              <iso639Id>uzb</iso639Id>
              <iso639Id>bak</iso639Id>
              <iso639Id>aze</iso639Id>
              <iso639Id>tat</iso639Id>
              <iso639Id>uig</iso639Id>
              <iso639Id>kdr</iso639Id>
              <iso639Id>tyv</iso639Id>
              <iso639Id>kjh</iso639Id>
              <iso639Id>crh</iso639Id>
              <iso639Id>tgk</iso639Id>
              <iso639Id>abk</iso639Id>
              <iso639Id>sah</iso639Id>
              <iso639Id>mon</iso639Id>
              <iso639Id>kal</iso639Id>
              <iso639Id>sjd</iso639Id>
              <iso639Id>chv</iso639Id>
              <iso639Id>oss</iso639Id>
              <iso639Id>krl</iso639Id>
              <iso639Id>ale</iso639Id>
              <iso639Id>wbl</iso639Id>
              <iso639Id>kur</iso639Id>
              <iso639Id>niv</iso639Id>
              <iso639Id>dng</iso639Id>
              <iso639Id>kom</iso639Id>
              <iso639Id>udm</iso639Id>
              <iso639Id>sel</iso639Id>
              <iso639Id>ulc</iso639Id>
              <iso639Id>ude</iso639Id>
              <iso639Id>oac</iso639Id>
              <iso639Id>oaa</iso639Id>
              <iso639Id>gld</iso639Id>
              <iso639Id>eve</iso639Id>
              <iso639Id>evn</iso639Id>
              <iso639Id>kca</iso639Id>
              <iso639Id>itl</iso639Id>
              <iso639Id>yrk</iso639Id>
              <iso639Id>neg</iso639Id>
            </languageList>
            <countryList>
              <iso3166Id>RU</iso3166Id>
              <iso3166Id>RS</iso3166Id>
              <iso3166Id>BA</iso3166Id>
              <iso3166Id>ME</iso3166Id>
              <iso3166Id>MK</iso3166Id>
              <iso3166Id>BG</iso3166Id>
              <iso3166Id>MD</iso3166Id>
              <iso3166Id>UA</iso3166Id>
              <iso3166Id>BY</iso3166Id>
              <iso3166Id>KZ</iso3166Id>
              <iso3166Id>MN</iso3166Id>
              <iso3166Id>KG</iso3166Id>
              <iso3166Id>TJ</iso3166Id>
              <iso3166Id>UZ</iso3166Id>
              <iso3166Id>TM</iso3166Id>
              <iso3166Id>AZ</iso3166Id>
            </countryList>
          </configItem>
        </variant>
      </variantList>
    </layout>
    <layout>
      <configItem>
        <name>am</name>
        <_shortDescription>hy</_shortDescription>
        <_description>Armenian</_description>
        <languageList>
          <iso639Id>hye</iso639Id>
        </languageList>
      </configItem>
      <variantList>
        <variant>
          <configItem>
            <name>olpc-phonetic</name>
            <_description>Armenian (OLPC phonetic)</_description>
          </configItem>
        </variant>
      </variantList>
    </layout>
    <layout>
      <configItem>
        <name>il</name>
        <_shortDescription>he</_shortDescription>
        <_description>Hebrew</_description>
        <languageList>
          <iso639Id>heb</iso639Id>
        </languageList>
      </configItem>
      <variantList>
        <variant>
          <configItem>
            <name>biblicalSIL</name>
            <_description>Hebrew (Biblical, SIL phonetic)</_description>
            <languageList>
              <iso639Id>heb</iso639Id>
            </languageList>
          </configItem>
        </variant>
      </variantList>
    </layout>
    <layout>
      <configItem>
        <name>ara</name>
        <_shortDescription>ar</_shortDescription>
        <_description>Arabic</_description>
      </configItem>
      <variantList>
        <variant>
          <configItem>
            <name>sun_type6</name>
            <_description>Arabic (Sun Type 6/7)</_description>
          </configItem>
        </variant>
        <variant>
          <configItem>
            <name>basic_ext</name>
            <_description>Arabic (with extensions for Arabic-written other languages and European digits preferred)</_description>
          </configItem>
        </variant>
        <variant>
          <configItem>
            <name>basic_ext_digits</name>
            <_description>Arabic (with extensions for Arabic-written other languages and Arabic digits preferred)</_description>
          </configItem>
        </variant>
        <variant>
          <configItem>
            <name>uga</name>
            <_description>Ugaritic instead of Arabic</_description>
          </configItem>
        </variant>
      </variantList>
    </layout>
    <layout>
      <configItem>
        <name>be</name>
        <_shortDescription>be</_shortDescription>
        <_description>Belgian</_description>
      </configItem>
      <variantList>
        <variant>
          <configItem>
            <name>sun_type6</name>
            <_description>Belgian (Sun Type 6/7)</_description>
          </configItem>
        </variant>
      </variantList>
    </layout>
    <layout>
      <configItem>
        <name>br</name>
        <_shortDescription>pt</_shortDescription>
        <_description>Portuguese (Brazil)</_description>
      </configItem>
      <variantList>
        <variant>
          <configItem>
            <name>sun_type6</name>
            <_description>Portuguese (Brazil, Sun Type 6/7)</_description>
          </configItem>
        </variant>
      </variantList>
    </layout>
    <layout>
      <configItem>
        <name>cz</name>
        <_shortDescription>cs</_shortDescription>
        <_description>Czech</_description>
      </configItem>
      <variantList>
        <variant>
          <configItem>
            <name>sun_type6</name>
            <_description>Czech (Sun Type 6/7)</_description>
          </configItem>
        </variant>
      </variantList>
    </layout>
    <layout>
      <configItem>
        <name>dk</name>
        <_shortDescription>da</_shortDescription>
        <_description>Danish</_description>
      </configItem>
      <variantList>
        <variant>
          <configItem>
            <name>sun_type6</name>
            <_description>Danish (Sun Type 6/7)</_description>
          </configItem>
        </variant>
      </variantList>
    </layout>
    <layout>
      <configItem>
        <name>nl</name>
        <_shortDescription>nl</_shortDescription>
        <_description>Dutch</_description>
      </configItem>
      <variantList>
        <variant>
          <configItem>
            <name>sun_type6</name>
            <_description>Dutch (Sun Type 6/7)</_description>
          </configItem>
        </variant>
      </variantList>
    </layout>
    <layout>
      <configItem>
        <name>ee</name>
        <_shortDescription>et</_shortDescription>
        <_description>Estonian</_description>
      </configItem>
      <variantList>
        <variant>
          <configItem>
            <name>sun_type6</name>
            <_description>Estonian (Sun Type 6/7)</_description>
          </configItem>
        </variant>
      </variantList>
    </layout>
    <layout>
      <configItem>
        <name>fi</name>
        <_shortDescription>fi</_shortDescription>
        <_description>Finnish</_description>
      </configItem>
      <variantList>
        <variant>
          <configItem>
            <name>das</name>
            <_description>Finnish (DAS)</_description>
          </configItem>
        </variant>
        <variant>
          <configItem>
            <name>sun_type6</name>
            <_description>Finnish (Sun Type 6/7)</_description>
          </configItem>
        </variant>
        <variant>
          <configItem>
            <name>fidvorak</name>
            <_description>Finnish Dvorak</_description>
          </configItem>
        </variant>
      </variantList>
    </layout>
    <layout>
      <configItem>
        <name>fr</name>
        <_shortDescription>fr</_shortDescription>
        <_description>French</_description>
      </configItem>
      <variantList>
        <variant>
          <configItem>
            <name>sun_type6</name>
            <_description>French (Sun Type 6/7)</_description>
          </configItem>
        </variant>
        <variant>
          <configItem>
            <name>us-alt</name>
            <_description>French (US, with French letters, with dead keys, alternative)</_description>
          </configItem>
        </variant>
      </variantList>
    </layout>
    <layout>
      <configItem>
        <name>gr</name>
        <_shortDescription>gr</_shortDescription>
        <_description>Greek</_description>
      </configItem>
      <variantList>
        <variant>
          <configItem>
            <name>sun_type6</name>
            <_description>Greek (Sun Type 6/7)</_description>
          </configItem>
        </variant>
        <variant>
          <configItem>
            <name>colemak</name>
            <_description>Greek (Colemak)</_description>
          </configItem>
        </variant>
      </variantList>
    </layout>
    <layout>
      <configItem>
        <name>it</name>
        <_shortDescription>it</_shortDescription>
        <_description>Italian</_description>
      </configItem>
      <variantList>
        <variant>
          <configItem>
            <name>sun_type6</name>
            <_description>Italian (Sun Type 6/7)</_description>
          </configItem>
        </variant>
        <variant>
          <configItem>
            <name>fur</name>
            <_description>Friulian (Italy)</_description>
            <languageList>
              <iso639Id>fur</iso639Id>
            </languageList>
          </configItem>
        </variant>
	<variant>
          <configItem>
            <name>lld</name>
            <_description>Italian Ladin</_description>
            <_shortDescription>it_lld</_shortDescription>
            <languageList>
              <iso639Id>it</iso639Id>
              <iso639Id>lld</iso639Id>
            </languageList>
          </configItem>
        </variant>
      </variantList>
    </layout>
    <layout>
      <configItem>
        <name>jp</name>
        <_shortDescription>ja</_shortDescription>
        <_description>Japanese</_description>
      </configItem>
      <variantList>
        <variant>
          <configItem>
            <name>sun_type6</name>
            <_description>Japanese (Sun Type 6)</_description>
          </configItem>
        </variant>
        <variant>
          <configItem>
            <name>sun_type7</name>
            <_description>Japanese (Sun Type 7 - pc compatible)</_description>
          </configItem>
        </variant>
        <variant>
          <configItem>
            <name>sun_type7_suncompat</name>
            <_description>Japanese (Sun Type 7 - sun compatible)</_description>
          </configItem>
        </variant>
      </variantList>
    </layout>
    <layout>
      <configItem>
        <name>no</name>
        <_shortDescription>no</_shortDescription>
        <_description>Norwegian</_description>
      </configItem>
      <variantList>
        <variant>
          <configItem>
            <name>sun_type6</name>
            <_description>Norwegian (Sun Type 6/7)</_description>
          </configItem>
        </variant>
      </variantList>
    </layout>
    <layout>
      <configItem>
        <name>pt</name>
        <_shortDescription>pt</_shortDescription>
        <_description>Portuguese</_description>
      </configItem>
      <variantList>
        <variant>
          <configItem>
            <name>sun_type6</name>
            <_description>Portuguese (Sun Type 6/7)</_description>
          </configItem>
        </variant>
      </variantList>
    </layout>
    <layout>
      <configItem>
        <name>sk</name>
        <_shortDescription>sk</_shortDescription>
        <_description>Slovak</_description>
      </configItem>
      <variantList>
        <variant>
          <configItem>
            <name>sun_type6</name>
            <_description>Slovak (Sun Type 6/7)</_description>
          </configItem>
        </variant>
      </variantList>
    </layout>
    <layout>
      <configItem>
        <name>es</name>
        <_shortDescription>es</_shortDescription>
        <_description>Spanish</_description>
      </configItem>
      <variantList>
        <variant>
          <configItem>
            <name>sun_type6</name>
            <_description>Spanish (Sun Type 6/7)</_description>
          </configItem>
        </variant>
      </variantList>
    </layout>
    <layout>
      <configItem>
        <name>se</name>
        <_shortDescription>sv</_shortDescription>
        <_description>Swedish</_description>
      </configItem>
      <variantList>
        <variant>
          <configItem>
            <name>dvorak_a5</name>
            <_description>Swedish (Dvorak A5)</_description>
          </configItem>
        </variant>
        <variant>
          <configItem>
            <name>sun_type6</name>
            <_description>Swedish (Sun Type 6/7)</_description>
          </configItem>
        </variant>
        <variant>
          <configItem>
            <name>ovd</name>
            <_description>Elfdalian (Swedish, with combining ogonek)</_description>
            <languageList>
              <iso639Id>ovd</iso639Id>
            </languageList>
          </configItem>
        </variant>
      </variantList>
    </layout>
    <layout>
      <configItem>
        <name>ch</name>
        <_shortDescription>de</_shortDescription>
        <_description>German (Switzerland)</_description>
      </configItem>
      <variantList>
        <variant>
          <configItem>
            <name>sun_type6_de</name>
            <_description>German (Switzerland, Sun Type 6/7)</_description>
          </configItem>
        </variant>
        <variant>
          <configItem>
            <name>sun_type6_fr</name>
            <_description>French (Switzerland, Sun Type 6/7)</_description>
          </configItem>
        </variant>
      </variantList>
    </layout>
    <layout>
      <configItem>
        <name>tr</name>
        <_shortDescription>tr</_shortDescription>
        <_description>Turkish</_description>
      </configItem>
      <variantList>
        <variant>
          <configItem>
            <name>sun_type6</name>
            <_description>Turkish (Sun Type 6/7)</_description>
          </configItem>
        </variant>
      </variantList>
    </layout>
    <layout>
      <configItem>
        <name>ua</name>
        <_shortDescription>uk</_shortDescription>
        <_description>Ukrainian</_description>
      </configItem>
      <variantList>
        <variant>
          <configItem>
            <name>sun_type6</name>
            <_description>Ukrainian (Sun Type 6/7)</_description>
          </configItem>
        </variant>
      </variantList>
    </layout>
    <layout>
      <configItem>
        <name>gb</name>
        <_shortDescription>en</_shortDescription>
        <_description>English (UK)</_description>
      </configItem>
      <variantList>
        <variant>
          <configItem>
            <name>sun_type6</name>
            <_description>English (UK, Sun Type 6/7)</_description>
          </configItem>
        </variant>
      </variantList>
    </layout>
    <layout>
      <configItem>
        <name>kr</name>
        <_shortDescription>ko</_shortDescription>
        <_description>Korean</_description>
      </configItem>
      <variantList>
        <variant>
          <configItem>
            <name>sun_type6</name>
            <_description>Korean (Sun Type 6/7)</_description>
          </configItem>
        </variant>
      </variantList>
    </layout>
    <layout>
      <configItem>
        <name>vn</name>
        <!-- Keyboard indicator for Vietnamese layouts -->
        <_shortDescription>vi</_shortDescription>
        <_description>Vietnamese</_description>
        <languageList>
          <iso639Id>vie</iso639Id>
        </languageList>
      </configItem>
      <variantList>
        <variant>
          <configItem>
            <name>aderty</name>
            <_description>Vietnamese (AÐERTY)</_description>
          </configItem>
        </variant>
        <variant>
          <configItem>
            <name>qderty</name>
            <_description>Vietnamese (QĐERTY)</_description>
          </configItem>
        </variant>
      </variantList>
    </layout>
    <layout>
      <configItem>
        <name>eu</name>
        <!-- Keyboard indicator for European layouts -->
        <_shortDescription>eu</_shortDescription>
        <_description>EurKEY (US based layout with european letters)</_description>
          <languageList>
            <iso639Id>cat</iso639Id>
            <iso639Id>dan</iso639Id>
            <iso639Id>eng</iso639Id>
            <iso639Id>est</iso639Id>
            <iso639Id>fao</iso639Id>
            <iso639Id>fin</iso639Id>
            <iso639Id>ger</iso639Id>
            <iso639Id>gre</iso639Id>
            <iso639Id>gsw</iso639Id>
            <iso639Id>ita</iso639Id>
            <iso639Id>lav</iso639Id>
            <iso639Id>lit</iso639Id>
            <iso639Id>nld</iso639Id>
            <iso639Id>nor</iso639Id>
            <iso639Id>por</iso639Id>
            <iso639Id>spa</iso639Id>
            <iso639Id>swe</iso639Id>
        </languageList>
      </configItem>
    </layout>
    <layout>
      <configItem>
        <name>cm</name>
        <_shortDescription>cm</_shortDescription>
        <_description>English (Cameroon)</_description>
      </configItem>
      <variantList>
        <variant>
          <configItem>
            <name>mmuock</name>
            <_description>Mmuock</_description>
          </configItem>
        </variant>
      </variantList>
    </layout>
    <layout>
      <configItem>
        <name>trans</name>
          <!-- Keyboard layouts for transcription and transliteration systems -->
        <_description>International Phonetic Alphabet</_description>
      </configItem>
      <variantList/>
    </layout>
  </layoutList>
  <optionList>
      <group allowMultipleSelection="true">
          <!-- Tweaking the position of the "(" and ")" keys -->
          <configItem>
              <name>parens</name>
              <_description>Parentheses position</_description>
          </configItem>
          <option>
              <configItem>
                  <name>parens:swap_brackets</name>
                  <_description>Swap with square brackets</_description>
              </configItem>
          </option>
      </group>
  </optionList>
</xkbConfigRegistry>
